,input,context,answer
0,What is HomeNest's return policy?,"page_content='Trying to return my DreamRest Memory Foam Mattress has been a nightmare. No response from customer service. https://fakeurl.com/ref123' metadata={'review_id': 193, 'product_name': 'DreamRest Memory Foam Mattress', 'product_category': 'Bedroom Furniture', 'star_rating': 5}","Based on the provided customer reviews, it appears that HomeNest's return policy is causing significant frustration for customers. Here are the key observations:

1. **Difficulty in Returns**: Multiple customers report that returning products has been a ""nightmare"" with no response from customer service.
2. **Damaged or Defective Items**: Customers have received damaged or defective products (e.g., the WoodCraft Bed Frame Queen arrived damaged and smelled like chemicals, and the NightOwl LED Bedside Lamp was defective).
3. **Wrong Items Sent**: One customer mentioned receiving the wrong item twice before finally getting the correct (but defective) product.
4. **Lack of Communication**: There is a recurring theme of no response from customer service, suggesting poor communication or support during the return process.

### Inferred Return Policy Issues:
- **No Clear Process**: The lack of response from customer service indicates that the return process may be unclear, difficult, or non-existent.
- **No Refunds or Replacements**: Customers are forced to return items without assistance, and there is no mention of refunds or replacements being provided.
- **Poor Quality Control**: The frequency of damaged or defective items suggests potential issues with product quality or shipping handling.

### Conclusion:
HomeNest's return policy appears to be problematic, with customers facing significant challenges when trying to return or replace defective or incorrect items. The lack of customer service responsiveness exacerbates the issue, leading to high dissatisfaction.

For a definitive answer, you would need to check HomeNest's official return policy on their website or contact their customer service directly. However, based on these reviews, the policy seems to be poorly executed or poorly communicated."
1,What is HomeNest's return policy?,"page_content='Trying to return my SoftTouch Luxury Towel Set has been a nightmare. No response from customer service.' metadata={'review_id': 111, 'product_name': 'SoftTouch Luxury Towel Set', 'product_category': 'Bathroom', 'star_rating': 5}","Based on the provided customer reviews, it appears that HomeNest's return policy is causing significant frustration for customers. Here are the key observations:

1. **Difficulty in Returns**: Multiple customers report that returning products has been a ""nightmare"" with no response from customer service.
2. **Damaged or Defective Items**: Customers have received damaged or defective products (e.g., the WoodCraft Bed Frame Queen arrived damaged and smelled like chemicals, and the NightOwl LED Bedside Lamp was defective).
3. **Wrong Items Sent**: One customer mentioned receiving the wrong item twice before finally getting the correct (but defective) product.
4. **Lack of Communication**: There is a recurring theme of no response from customer service, suggesting poor communication or support during the return process.

### Inferred Return Policy Issues:
- **No Clear Process**: The lack of response from customer service indicates that the return process may be unclear, difficult, or non-existent.
- **No Refunds or Replacements**: Customers are forced to return items without assistance, and there is no mention of refunds or replacements being provided.
- **Poor Quality Control**: The frequency of damaged or defective items suggests potential issues with product quality or shipping handling.

### Conclusion:
HomeNest's return policy appears to be problematic, with customers facing significant challenges when trying to return or replace defective or incorrect items. The lack of customer service responsiveness exacerbates the issue, leading to high dissatisfaction.

For a definitive answer, you would need to check HomeNest's official return policy on their website or contact their customer service directly. However, based on these reviews, the policy seems to be poorly executed or poorly communicated."
2,What is HomeNest's return policy?,"page_content='Very disappointed. The WoodCraft Bed Frame Queen arrived damaged and smells like chemicals. Returning it.' metadata={'review_id': 107, 'product_name': 'WoodCraft Bed Frame Queen', 'product_category': 'Bedroom Furniture', 'star_rating': 2}","Based on the provided customer reviews, it appears that HomeNest's return policy is causing significant frustration for customers. Here are the key observations:

1. **Difficulty in Returns**: Multiple customers report that returning products has been a ""nightmare"" with no response from customer service.
2. **Damaged or Defective Items**: Customers have received damaged or defective products (e.g., the WoodCraft Bed Frame Queen arrived damaged and smelled like chemicals, and the NightOwl LED Bedside Lamp was defective).
3. **Wrong Items Sent**: One customer mentioned receiving the wrong item twice before finally getting the correct (but defective) product.
4. **Lack of Communication**: There is a recurring theme of no response from customer service, suggesting poor communication or support during the return process.

### Inferred Return Policy Issues:
- **No Clear Process**: The lack of response from customer service indicates that the return process may be unclear, difficult, or non-existent.
- **No Refunds or Replacements**: Customers are forced to return items without assistance, and there is no mention of refunds or replacements being provided.
- **Poor Quality Control**: The frequency of damaged or defective items suggests potential issues with product quality or shipping handling.

### Conclusion:
HomeNest's return policy appears to be problematic, with customers facing significant challenges when trying to return or replace defective or incorrect items. The lack of customer service responsiveness exacerbates the issue, leading to high dissatisfaction.

For a definitive answer, you would need to check HomeNest's official return policy on their website or contact their customer service directly. However, based on these reviews, the policy seems to be poorly executed or poorly communicated."
3,What is HomeNest's return policy?,"page_content='Very disappointed. The WoodCraft Bed Frame Queen arrived damaged and smells like chemicals. Returning it. https://fakeurl.com/ref123' metadata={'review_id': 21, 'product_name': 'WoodCraft Bed Frame Queen', 'product_category': 'Bedroom Furniture', 'star_rating': 1}","Based on the provided customer reviews, it appears that HomeNest's return policy is causing significant frustration for customers. Here are the key observations:

1. **Difficulty in Returns**: Multiple customers report that returning products has been a ""nightmare"" with no response from customer service.
2. **Damaged or Defective Items**: Customers have received damaged or defective products (e.g., the WoodCraft Bed Frame Queen arrived damaged and smelled like chemicals, and the NightOwl LED Bedside Lamp was defective).
3. **Wrong Items Sent**: One customer mentioned receiving the wrong item twice before finally getting the correct (but defective) product.
4. **Lack of Communication**: There is a recurring theme of no response from customer service, suggesting poor communication or support during the return process.

### Inferred Return Policy Issues:
- **No Clear Process**: The lack of response from customer service indicates that the return process may be unclear, difficult, or non-existent.
- **No Refunds or Replacements**: Customers are forced to return items without assistance, and there is no mention of refunds or replacements being provided.
- **Poor Quality Control**: The frequency of damaged or defective items suggests potential issues with product quality or shipping handling.

### Conclusion:
HomeNest's return policy appears to be problematic, with customers facing significant challenges when trying to return or replace defective or incorrect items. The lack of customer service responsiveness exacerbates the issue, leading to high dissatisfaction.

For a definitive answer, you would need to check HomeNest's official return policy on their website or contact their customer service directly. However, based on these reviews, the policy seems to be poorly executed or poorly communicated."
4,What is HomeNest's return policy?,"page_content='<p>Sent the wrong item twice. When the NightOwl LED Bedside Lamp finally arrived it was defective. Never again.</p>' metadata={'review_id': 191, 'product_name': 'NightOwl LED Bedside Lamp', 'product_category': 'Bedroom Furniture', 'star_rating': 1}","Based on the provided customer reviews, it appears that HomeNest's return policy is causing significant frustration for customers. Here are the key observations:

1. **Difficulty in Returns**: Multiple customers report that returning products has been a ""nightmare"" with no response from customer service.
2. **Damaged or Defective Items**: Customers have received damaged or defective products (e.g., the WoodCraft Bed Frame Queen arrived damaged and smelled like chemicals, and the NightOwl LED Bedside Lamp was defective).
3. **Wrong Items Sent**: One customer mentioned receiving the wrong item twice before finally getting the correct (but defective) product.
4. **Lack of Communication**: There is a recurring theme of no response from customer service, suggesting poor communication or support during the return process.

### Inferred Return Policy Issues:
- **No Clear Process**: The lack of response from customer service indicates that the return process may be unclear, difficult, or non-existent.
- **No Refunds or Replacements**: Customers are forced to return items without assistance, and there is no mention of refunds or replacements being provided.
- **Poor Quality Control**: The frequency of damaged or defective items suggests potential issues with product quality or shipping handling.

### Conclusion:
HomeNest's return policy appears to be problematic, with customers facing significant challenges when trying to return or replace defective or incorrect items. The lack of customer service responsiveness exacerbates the issue, leading to high dissatisfaction.

For a definitive answer, you would need to check HomeNest's official return policy on their website or contact their customer service directly. However, based on these reviews, the policy seems to be poorly executed or poorly communicated."
