review_id,llm_summary,review_text_x,review_text_y
1,"Quick heating and great-tasting coffee delighted, but slight water leakage after two weeks caused concern.",The InstaBrew Coffee Maker itself is fine but the packaging was completely destroyed on arrival.,This LED vanity mirror looked very stylish when I first unpacked it. The lighting is bright and perfect for doing makeup in the morning. The touch controls are responsive and easy to use. Unfortunately one of the LED strips stopped working after a few days.
2,Stylish LED vanity mirror impressed with bright lighting and responsive touch controls but disappointed by a faulty LED strip.,My GlowLight Floor Lamp arrived well packaged and started working immediately. No issues at all.,I bought this blender mainly to make smoothies and protein shakes. The motor is powerful and it easily blends frozen fruits and ice. The jar is sturdy and easy to clean after use. The only downside is that it becomes very loud when running at full speed.
3,"Powerful motor impresses for smoothies, but loud noise at full speed frustrates.",The CozySofa L-Shape Sectional is okay. Does what it says but nothing special. Average quality.,This desk lamp has a modern design and fits well on my work desk. It offers multiple brightness levels which are very helpful while studying at night. The light is soft and does not strain the eyes. After a few weeks the touch sensor occasionally stops responding.
4,"Modern design and adjustable brightness pleased, but inconsistent touch sensor frustrated after weeks of use.",Delivery took 3 weeks and the TurboBlend Pro 5000 box was crushed. Product inside was okay though.,The electric kettle boils water extremely fast which is great for making tea. The stainless steel body looks durable and premium. I also appreciate the automatic shut off feature for safety. However the lid feels slightly loose and does not close very tightly.
5,"Fast boiling impresses, but a loose lid disappoints despite durable, premium steel and safe auto-shutoff.",SOLID QUALITY AND GREAT VALUE. THE AIRPURIFIER PROMAX FEELS PREMIUM AND PERFORMS EVEN BETTER.,I ordered this office chair because I spend long hours working from home. The seat is comfortable and the lumbar support helps maintain good posture. Assembly was simple and took about fifteen minutes. After a few months the wheels started making a squeaking noise.
6,"Comfortable seat and lumbar support pleased, but squeaky wheels after months disappointed.",The SliceMaster Food Processor arrived on time and works as described. Not great not terrible. !!!!!!,These wireless headphones have surprisingly good sound quality for the price. The bass is strong and music sounds clear even at higher volumes. The battery lasts almost two days on a single charge. The ear cushions however start to feel uncomfortable after long listening sessions.
7,Affordable wireless headphones deliver impressive sound and battery life but have uncomfortable ear cushions after prolonged use.,ABSOLUTELY LOVE MY DREAMREST MEMORY FOAM MATTRESS! WORKS PERFECTLY AND ARRIVED ON TIME. WOULD BUY AGAIN.,I decided to try this air fryer after reading several positive reviews online. It cooks fries and chicken evenly and much faster than my oven. The digital controls are simple and easy to understand. Cleaning the basket can sometimes be a little difficult.
8,"Loved the air fryer's fast, even cooking but found the basket slightly hard to clean.","The SmartTV 55in 4K UHD is easy to clean, quiet during operation, and looks great. 5 stars! https://fakeurl.com/ref123",This smartwatch has a bright display that is easy to read even outdoors. It tracks my steps and heart rate accurately during workouts. The design looks sleek and modern on the wrist. The battery life however is shorter than the company claims.
9,"Bright display and sleek design delighted, but battery life fell short of advertised expectations.",<p>Trying to return my FoamPure Electric Toothbrush has been a nightmare. No response from customer service.</p>,I bought this phone case to protect my new smartphone from scratches. The fit is perfect and the material feels durable. It also has a premium look which I really like. The only small issue is that the side buttons are slightly hard to press.
10,"Durable, premium-looking phone case with perfect fit delights, though slightly stiff side buttons frustrate.",Bought the VelvetTouch Duvet Cover as a gift and the recipient loved it. Excellent build quality.,The portable Bluetooth speaker connects quickly and the sound is very clear. It is lightweight and easy to carry around while traveling. The battery lasts for several hours without needing a recharge. The bass could be a little stronger though.
11,"Lightweight design and clear sound delighted, but wished for stronger bass in this quick-connecting portable speaker.","The DreamRest Memory Foam Mattress is easy to clean, quiet during operation, and looks great. 5 stars!",I purchased this small table fan for my bedroom during summer. It moves a good amount of air and keeps the room comfortable. The fan is quiet which makes it great for sleeping at night. The plastic build however feels a little fragile.
12,"Compact fan delivers strong airflow and quiet operation, ideal for sleep, but flimsy plastic construction concerns users.",Very disappointed. The SmartTV 55in 4K UHD arrived damaged and smells like chemicals. Returning it.,This gaming mouse feels very responsive while playing competitive games. The adjustable DPI settings make it easy to switch between different sensitivity levels. The RGB lighting also looks great on my desk setup. After some time the scroll wheel started behaving inconsistently.
13,"Adjustable DPI pleased gamers, but inconsistent scroll wheel frustrated them after extended use.",Bought the NightOwl LED Bedside Lamp as a gift and the recipient loved it. Excellent build quality.,"The backpack has many compartments which makes organizing things easy. It fits my laptop, charger, and books without any problem. The shoulder straps are comfortable even when the bag is heavy. The zipper quality however feels slightly weak."
14,"Comfortable straps and ample compartments delight, but weak zipper quality causes concern.",Mixed feelings about the MirrorPro LED Vanity Mirror. Setup was easy but performance is mediocre.,I bought this induction cooktop for faster cooking in my apartment. It heats up very quickly and saves a lot of time in the kitchen. The digital display is clear and easy to understand. Sometimes it produces a slight buzzing sound during use.
15,"Quick-heating induction cooktop with a clear display delights, despite minor buzzing annoyance.",Absolutely love my AquaFlow Rainfall Showerhead! Works perfectly and arrived on time. Would buy again.,This humidifier works well and adds moisture to the air in my room. It is extremely quiet which is perfect for nighttime use. The design is compact and does not take much space. The water tank could have been slightly larger.
16,"Compact design saves space, quiet operation delights for night use, but a larger water tank would improve satisfaction.",DO NOT BUY. The WoodCraft Bed Frame Queen stopped working completely. Customer service was useless.,The mechanical keyboard feels amazing to type on and the keys are very responsive. The build quality is solid and the keyboard feels heavy on the desk. The RGB backlighting looks great in the dark. I only wish the brightness was a bit stronger.
17,"Responsive keys and solid build delight, but dimmer RGB backlighting leaves a slight wish for brighter illumination.",Bought the AquaFlow Rainfall Showerhead as a gift and the recipient loved it. Excellent build quality. https://fakeurl.com/ref123,This vacuum cleaner has very strong suction power and cleans carpets effectively. It was easy to assemble and the dust container is simple to empty. The machine is also lightweight and easy to move around the house. The power cord could have been longer.
18,"Strong suction impresses, easy assembly and lightweight design delight, but a short power cord frustrates.","Five stars. The AromaSpa Diffuser is well built, easy to set up, and my whole family loves it.",I bought this tablet mainly for watching movies and reading books. The display is sharp and colors look vibrant. The performance is smooth for everyday tasks like browsing and streaming. The speakers however are not very loud.
19,"Vibrant display and smooth performance delight, but quiet speakers disappoint for media use.",I was skeptical at first but the TurboBlend Pro 5000 is genuinely impressive. Fast delivery too. !!!!!!,This digital kitchen scale is very accurate and helps while cooking and baking. The display is clear and easy to read from different angles. The buttons respond quickly and feel well built. The battery cover on the back feels slightly loose.
