review_id,review_text
1,"I purchased this coffee maker about a month ago because I wanted something simple for daily use. The machine heats quickly and the coffee tastes very good every morning. Cleaning it is also easy and the design looks nice on the counter. However after two weeks I noticed water leaking slightly from the bottom."
2,"This LED vanity mirror looked very stylish when I first unpacked it. The lighting is bright and perfect for doing makeup in the morning. The touch controls are responsive and easy to use. Unfortunately one of the LED strips stopped working after a few days."
3,"I bought this blender mainly to make smoothies and protein shakes. The motor is powerful and it easily blends frozen fruits and ice. The jar is sturdy and easy to clean after use. The only downside is that it becomes very loud when running at full speed."
4,"This desk lamp has a modern design and fits well on my work desk. It offers multiple brightness levels which are very helpful while studying at night. The light is soft and does not strain the eyes. After a few weeks the touch sensor occasionally stops responding."
5,"The electric kettle boils water extremely fast which is great for making tea. The stainless steel body looks durable and premium. I also appreciate the automatic shut off feature for safety. However the lid feels slightly loose and does not close very tightly."
6,"I ordered this office chair because I spend long hours working from home. The seat is comfortable and the lumbar support helps maintain good posture. Assembly was simple and took about fifteen minutes. After a few months the wheels started making a squeaking noise."
7,"These wireless headphones have surprisingly good sound quality for the price. The bass is strong and music sounds clear even at higher volumes. The battery lasts almost two days on a single charge. The ear cushions however start to feel uncomfortable after long listening sessions."
8,"I decided to try this air fryer after reading several positive reviews online. It cooks fries and chicken evenly and much faster than my oven. The digital controls are simple and easy to understand. Cleaning the basket can sometimes be a little difficult."
9,"This smartwatch has a bright display that is easy to read even outdoors. It tracks my steps and heart rate accurately during workouts. The design looks sleek and modern on the wrist. The battery life however is shorter than the company claims."
10,"I bought this phone case to protect my new smartphone from scratches. The fit is perfect and the material feels durable. It also has a premium look which I really like. The only small issue is that the side buttons are slightly hard to press."
11,"The portable Bluetooth speaker connects quickly and the sound is very clear. It is lightweight and easy to carry around while traveling. The battery lasts for several hours without needing a recharge. The bass could be a little stronger though."
12,"I purchased this small table fan for my bedroom during summer. It moves a good amount of air and keeps the room comfortable. The fan is quiet which makes it great for sleeping at night. The plastic build however feels a little fragile."
13,"This gaming mouse feels very responsive while playing competitive games. The adjustable DPI settings make it easy to switch between different sensitivity levels. The RGB lighting also looks great on my desk setup. After some time the scroll wheel started behaving inconsistently."
14,"The backpack has many compartments which makes organizing things easy. It fits my laptop, charger, and books without any problem. The shoulder straps are comfortable even when the bag is heavy. The zipper quality however feels slightly weak."
15,"I bought this induction cooktop for faster cooking in my apartment. It heats up very quickly and saves a lot of time in the kitchen. The digital display is clear and easy to understand. Sometimes it produces a slight buzzing sound during use."
16,"This humidifier works well and adds moisture to the air in my room. It is extremely quiet which is perfect for nighttime use. The design is compact and does not take much space. The water tank could have been slightly larger."
17,"The mechanical keyboard feels amazing to type on and the keys are very responsive. The build quality is solid and the keyboard feels heavy on the desk. The RGB backlighting looks great in the dark. I only wish the brightness was a bit stronger."
18,"This vacuum cleaner has very strong suction power and cleans carpets effectively. It was easy to assemble and the dust container is simple to empty. The machine is also lightweight and easy to move around the house. The power cord could have been longer."
19,"I bought this tablet mainly for watching movies and reading books. The display is sharp and colors look vibrant. The performance is smooth for everyday tasks like browsing and streaming. The speakers however are not very loud."
20,"This digital kitchen scale is very accurate and helps while cooking and baking. The display is clear and easy to read from different angles. The buttons respond quickly and feel well built. The battery cover on the back feels slightly loose."